Student(id=1, name=Conrado, age=94)
Student(id=2, name=Gray, age=49)
Student(id=3, name=Lorene, age=64)
Student(id=4, name=Tiphani, age=58)
Student(id=5, name=Noel, age=24)
Student(id=6, name=Lutero, age=62)
Student(id=7, name=Elianore, age=86)
Student(id=8, name=Livy, age=56)
Student(id=9, name=Annabella, age=44)
Student(id=10, name=Leigha, age=32)
Student(id=11, name=Glenn, age=48)
Student(id=12, name=Robbie, age=69)
Student(id=13, name=Matteo, age=36)
Student(id=14, name=Grethel, age=43)
Student(id=15, name=Adrien, age=43)
Student(id=16, name=Chalmers, age=30)
Student(id=17, name=Genia, age=45)
Student(id=18, name=Crista, age=54)
Student(id=19, name=Lari, age=43)
Student(id=20, name=Yale, age=4)
Student(id=21, name=Berenice, age=41)
Student(id=22, name=Biron, age=19)
Student(id=23, name=Fayth, age=64)
Student(id=24, name=Kristyn, age=6)
Student(id=25, name=Olenolin, age=67)
Student(id=26, name=Bryanty, age=21)
Student(id=27, name=Philippe, age=75)
Student(id=28, name=Obie, age=92)
Student(id=29, name=Wald, age=70)
Student(id=30, name=Dyna, age=62)
Student(id=31, name=Marrilee, age=75)
Student(id=32, name=Hester, age=83)
Student(id=33, name=Pincus, age=4)
Student(id=34, name=Nikaniki, age=69)
Student(id=35, name=Sloan, age=15)
Student(id=36, name=Barty, age=78)
Student(id=37, name=Melita, age=96)
Student(id=38, name=Robbie, age=67)
Student(id=39, name=Spense, age=65)
Student(id=40, name=Jermayne, age=89)
Student(id=41, name=Lanette, age=19)
Student(id=42, name=Ajay, age=9)
Student(id=43, name=Alfreda, age=55)
Student(id=44, name=Hadlee, age=48)
Student(id=45, name=Terencio, age=97)
Student(id=46, name=Guthrie, age=89)
Student(id=47, name=Arden, age=99)
Student(id=48, name=Bunnie, age=98)
Student(id=49, name=Thaddeus, age=75)
Student(id=50, name=Mace, age=54)
Student(id=51, name=Tally, age=8)
Student(id=52, name=Norbert, age=36)
Student(id=53, name=Karin, age=62)
Student(id=54, name=Dew, age=98)
Student(id=55, name=Tobias, age=100)
Student(id=56, name=Catrina, age=98)
Student(id=57, name=Glen, age=4)
Student(id=58, name=Midge, age=65)
Student(id=59, name=Twila, age=56)
Student(id=60, name=Candie, age=38)
Student(id=61, name=Neda, age=8)
Student(id=62, name=Henrie, age=9)
Student(id=63, name=Gibby, age=14)
Student(id=64, name=Mitchel, age=30)
Student(id=65, name=Arlena, age=65)
Student(id=66, name=Zacharie, age=69)
Student(id=67, name=Orton, age=2)
Student(id=68, name=Norry, age=7)
Student(id=69, name=Baird, age=25)
Student(id=70, name=Julianne, age=30)
Student(id=71, name=Oswald, age=15)
Student(id=72, name=Wiatt, age=34)
Student(id=73, name=Antonio, age=76)
Student(id=74, name=Isaac, age=80)
Student(id=75, name=Titus, age=100)
Student(id=76, name=Gianina, age=66)
Student(id=77, name=Nissy, age=76)
Student(id=78, name=Mozes, age=7)
Student(id=79, name=Donnamarie, age=89)
Student(id=80, name=Alayne, age=82)
Student(id=81, name=Ninnette, age=15)
Student(id=82, name=Roseann, age=25)
Student(id=83, name=Helene, age=18)
Student(id=84, name=Delmar, age=68)
Student(id=85, name=Wilma, age=27)
Student(id=86, name=Heidie, age=76)
Student(id=87, name=Robbie, age=76)
Student(id=88, name=Maurene, age=11)
Student(id=89, name=Sacha, age=20)
Student(id=90, name=Delinda, age=19)
Student(id=91, name=Ransell, age=29)
Student(id=92, name=Kain, age=72)
Student(id=93, name=Muffin, age=61)
Student(id=94, name=Jena, age=22)
Student(id=95, name=Beckie, age=8)
Student(id=96, name=Astrix, age=77)
Student(id=97, name=Margareta, age=18)
Student(id=98, name=Dore, age=85)
Student(id=99, name=Bambi, age=45)
Student(id=100, name=Gabbie, age=34)
Student(id=101, name=Rayshell, age=35)
Student(id=102, name=Golda, age=65)
Student(id=103, name=Vaclav, age=17)
Student(id=104, name=Lev, age=27)
Student(id=105, name=Ives, age=70)
Student(id=106, name=Chandler, age=52)
Student(id=107, name=Almire, age=30)
Student(id=108, name=Keene, age=74)
Student(id=109, name=Roby, age=31)
Student(id=110, name=Clyve, age=68)
Student(id=111, name=Donny, age=11)
Student(id=112, name=Roselle, age=49)
Student(id=113, name=Lissa, age=68)
Student(id=114, name=Mikaela, age=22)
Student(id=115, name=Wilona, age=74)
Student(id=116, name=Lizabeth, age=91)
Student(id=117, name=Jocko, age=3)
Student(id=118, name=Roxine, age=56)
Student(id=119, name=Mady, age=25)
Student(id=120, name=Haley, age=23)
Student(id=121, name=Bartholomeo, age=82)
Student(id=122, name=Fons, age=24)
Student(id=123, name=Bev, age=23)
Student(id=124, name=Jillian, age=92)
Student(id=125, name=Arlette, age=70)
Student(id=126, name=Staford, age=94)
Student(id=127, name=Aharon, age=11)
Student(id=128, name=Leone, age=36)
Student(id=129, name=Seth, age=70)
Student(id=130, name=Gram, age=78)
Student(id=131, name=Lonnard, age=58)
Student(id=132, name=Babbette, age=57)
Student(id=133, name=Gradeigh, age=56)
Student(id=134, name=Dorita, age=23)
Student(id=135, name=Jeno, age=74)
Student(id=136, name=Fancie, age=72)
Student(id=137, name=Kingston, age=27)
Student(id=138, name=Louise, age=44)
Student(id=139, name=Gerri, age=25)
Student(id=140, name=Gaven, age=29)
Student(id=141, name=Rica, age=35)
Student(id=142, name=Tiffany, age=41)
Student(id=143, name=Lurlene, age=25)
Student(id=144, name=Demetrius, age=9)
Student(id=145, name=Novelia, age=29)
Student(id=146, name=Cameron, age=45)
Student(id=147, name=Maud, age=44)
Student(id=148, name=Ardra, age=47)
Student(id=149, name=Xavier, age=90)
Student(id=150, name=Tiphani, age=82)
Student(id=151, name=Gannon, age=35)
Student(id=152, name=Leah, age=13)
Student(id=153, name=Milena, age=99)
Student(id=154, name=Melessa, age=26)
Student(id=155, name=Omero, age=46)
Student(id=156, name=Vanda, age=8)
Student(id=157, name=Germain, age=5)
Student(id=158, name=Pearce, age=8)
Student(id=159, name=Beauregard, age=73)
Student(id=160, name=Inga, age=98)
Student(id=161, name=Jolyn, age=75)
Student(id=162, name=Darrelle, age=1)
Student(id=163, name=Raine, age=74)
Student(id=164, name=Jaquenette, age=49)
Student(id=165, name=Rosanne, age=87)
Student(id=166, name=Shawnee, age=82)
Student(id=167, name=Codie, age=98)
Student(id=168, name=Ivonne, age=31)
Student(id=169, name=Pasquale, age=28)
Student(id=170, name=Trever, age=90)
Student(id=171, name=Ollie, age=78)
Student(id=172, name=Angeli, age=4)
Student(id=173, name=Estel, age=76)
Student(id=174, name=Marcelia, age=95)
Student(id=175, name=Anette, age=12)
Student(id=176, name=Issy, age=52)
Student(id=177, name=Dieter, age=77)
Student(id=178, name=Augustine, age=38)
Student(id=179, name=Sandi, age=84)
Student(id=180, name=Charlie, age=72)
Student(id=181, name=Crista, age=67)
Student(id=182, name=Launce, age=95)
Student(id=183, name=Gaye, age=2)
Student(id=184, name=Shepard, age=81)
Student(id=185, name=Cal, age=19)
Student(id=186, name=Christi, age=19)
Student(id=187, name=Benedikta, age=73)
Student(id=188, name=Ramona, age=62)
Student(id=189, name=Wilona, age=53)
Student(id=190, name=Duffie, age=41)
Student(id=191, name=Marlowe, age=44)
Student(id=192, name=Binni, age=73)
Student(id=193, name=Dorolisa, age=9)
Student(id=194, name=Hillyer, age=79)
Student(id=195, name=Fritz, age=8)
Student(id=196, name=Tessa, age=47)
Student(id=197, name=Agnola, age=85)
Student(id=198, name=Emelita, age=3)
Student(id=199, name=Jaymee, age=5)
Student(id=200, name=Powell, age=79)
Student(id=201, name=Zsa zsa, age=37)
Student(id=202, name=Helen, age=69)
Student(id=203, name=Robb, age=23)
Student(id=204, name=Ly, age=79)
Student(id=205, name=Jameson, age=73)
Student(id=206, name=Pru, age=8)
Student(id=207, name=Lefty, age=2)
Student(id=208, name=Broddie, age=17)
Student(id=209, name=Skippie, age=90)
Student(id=210, name=Antonetta, age=36)
Student(id=211, name=Kelcie, age=48)
Student(id=212, name=Adriaens, age=38)
Student(id=213, name=Ora, age=89)
Student(id=214, name=Margarethe, age=13)
Student(id=215, name=Brock, age=9)
Student(id=216, name=Westley, age=98)
Student(id=217, name=Sandor, age=33)
Student(id=218, name=Frederica, age=50)
Student(id=219, name=Alla, age=35)
Student(id=220, name=Vick, age=34)
Student(id=221, name=Sigismondo, age=81)
Student(id=222, name=Ceciley, age=7)
Student(id=223, name=Kristien, age=58)
Student(id=224, name=Demetria, age=21)
Student(id=225, name=Aggi, age=66)
Student(id=226, name=Bucky, age=39)
Student(id=227, name=Olav, age=77)
Student(id=228, name=Leesa, age=54)
Student(id=229, name=Caspar, age=71)
Student(id=230, name=Lorrin, age=61)
Student(id=231, name=Berthe, age=73)
Student(id=232, name=Allyson, age=98)
Student(id=233, name=Salli, age=41)
Student(id=234, name=Oralia, age=32)
Student(id=235, name=Sacha, age=82)
Student(id=236, name=Gussie, age=96)
Student(id=237, name=Isadore, age=49)
Student(id=238, name=Kip, age=58)
Student(id=239, name=Chlo, age=31)
Student(id=240, name=Carmina, age=83)
Student(id=241, name=Dinnie, age=12)
Student(id=242, name=Elmira, age=21)
Student(id=243, name=Kassie, age=5)
Student(id=244, name=Alick, age=74)
Student(id=245, name=Fabe, age=68)
Student(id=246, name=Helenka, age=10)
Student(id=247, name=Oriana, age=31)
Student(id=248, name=Ogdon, age=1)
Student(id=249, name=Juan, age=70)
Student(id=250, name=Charin, age=48)
Student(id=251, name=Bev, age=45)
Student(id=252, name=Sarina, age=73)
Student(id=253, name=Ketti, age=55)
Student(id=254, name=Irwinn, age=85)
Student(id=255, name=Ingelbert, age=78)
Student(id=256, name=Evelin, age=53)
Student(id=257, name=Lorelei, age=83)
Student(id=258, name=Diandra, age=1)
Student(id=259, name=Peg, age=29)
Student(id=260, name=Irv, age=68)
Student(id=261, name=Tiphanie, age=57)
Student(id=262, name=Dalton, age=82)
Student(id=263, name=Tomasine, age=66)
Student(id=264, name=Garald, age=57)
Student(id=265, name=Johnath, age=92)
Student(id=266, name=Dill, age=27)
Student(id=267, name=Chic, age=59)
Student(id=268, name=Dalli, age=96)
Student(id=269, name=Noach, age=12)
Student(id=270, name=Timi, age=42)
Student(id=271, name=Lorne, age=19)
Student(id=272, name=Ruby, age=46)
Student(id=273, name=Mariejeanne, age=75)
Student(id=274, name=Flossi, age=96)
Student(id=275, name=Robinetta, age=96)
Student(id=276, name=Sharon, age=85)
Student(id=277, name=Cherlyn, age=54)
Student(id=278, name=Meredith, age=10)
Student(id=279, name=Gibbie, age=27)
Student(id=280, name=Bernete, age=84)
Student(id=281, name=Tynan, age=72)
Student(id=282, name=Arlyn, age=73)
Student(id=283, name=Forest, age=94)
Student(id=284, name=Valentino, age=33)
Student(id=285, name=Wanda, age=53)
Student(id=286, name=Marijo, age=50)
Student(id=287, name=Harmonia, age=63)
Student(id=288, name=Malissia, age=54)
Student(id=289, name=Andrej, age=30)
Student(id=290, name=Noemi, age=1)
Student(id=291, name=Frank, age=69)
Student(id=292, name=Thor, age=60)
Student(id=293, name=Worden, age=68)
Student(id=294, name=Fionnula, age=19)
Student(id=295, name=Mechelle, age=47)
Student(id=296, name=Randi, age=18)
Student(id=297, name=Ronny, age=39)
Student(id=298, name=Dasie, age=61)
Student(id=299, name=Consuelo, age=88)
Student(id=300, name=Worthy, age=40)
Student(id=301, name=Allx, age=11)
Student(id=302, name=Ricky, age=84)
Student(id=303, name=Louisette, age=18)
Student(id=304, name=Fernanda, age=36)
Student(id=305, name=Carita, age=17)
Student(id=306, name=Benedicto, age=100)
Student(id=307, name=Lenard, age=47)
Student(id=308, name=Ernie, age=54)
Student(id=309, name=Grover, age=48)
Student(id=310, name=Bernette, age=5)
Student(id=311, name=Kacy, age=64)
Student(id=312, name=Cordell, age=83)
Student(id=313, name=Mark, age=94)
Student(id=314, name=Niki, age=80)
Student(id=315, name=Lynnell, age=77)
Student(id=316, name=Sharleen, age=2)
Student(id=317, name=Sherill, age=15)
Student(id=318, name=Livvy, age=94)
Student(id=319, name=Ronalda, age=44)
Student(id=320, name=Jeana, age=61)
Student(id=321, name=Luther, age=35)
Student(id=322, name=Dom, age=44)
Student(id=323, name=Lucho, age=35)
Student(id=324, name=Levey, age=95)
Student(id=325, name=Chloe, age=64)
Student(id=326, name=Gerrie, age=71)
Student(id=327, name=Tersina, age=3)
Student(id=328, name=Kathlin, age=91)
Student(id=329, name=Merrile, age=18)
Student(id=330, name=Royce, age=97)
Student(id=331, name=Valentine, age=93)
Student(id=332, name=Selma, age=82)
Student(id=333, name=Norah, age=34)
Student(id=334, name=Deena, age=2)
Student(id=335, name=Orlando, age=90)
Student(id=336, name=Donnell, age=52)
Student(id=337, name=Louie, age=24)
Student(id=338, name=Henry, age=88)
Student(id=339, name=Salvidor, age=5)
Student(id=340, name=Latashia, age=1)
Student(id=341, name=Candra, age=8)
Student(id=342, name=Albrecht, age=12)
Student(id=343, name=Abner, age=40)
Student(id=344, name=Corinne, age=45)
Student(id=345, name=Carol, age=80)
Student(id=346, name=Zea, age=87)
Student(id=347, name=My, age=92)
Student(id=348, name=Kikelia, age=77)
Student(id=349, name=Erik, age=65)
Student(id=350, name=Westley, age=33)
Student(id=351, name=Denis, age=69)
Student(id=352, name=Charline, age=62)
Student(id=353, name=Jeffie, age=58)
Student(id=354, name=Morlee, age=70)
Student(id=355, name=Bella, age=98)
Student(id=356, name=Letti, age=10)
Student(id=357, name=Jeramie, age=56)
Student(id=358, name=Crystal, age=29)
Student(id=359, name=Avrom, age=65)
Student(id=360, name=Gipsy, age=83)
Student(id=361, name=Nerita, age=43)
Student(id=362, name=Edouard, age=25)
Student(id=363, name=Leicester, age=54)
Student(id=364, name=Octavia, age=87)
Student(id=365, name=Johna, age=69)
Student(id=366, name=Teodor, age=57)
Student(id=367, name=Verene, age=73)
Student(id=368, name=Nahum, age=16)
Student(id=369, name=Shalna, age=88)
Student(id=370, name=Bianka, age=87)
Student(id=371, name=Darby, age=90)
Student(id=372, name=Vera, age=36)
Student(id=373, name=Carmita, age=68)
Student(id=374, name=Flori, age=68)
Student(id=375, name=Glenden, age=60)
Student(id=376, name=Dolley, age=57)
Student(id=377, name=Derward, age=4)
Student(id=378, name=Cosimo, age=26)
Student(id=379, name=Xerxes, age=80)
Student(id=380, name=Denver, age=1)
Student(id=381, name=Ellynn, age=33)
Student(id=382, name=Windham, age=53)
Student(id=383, name=Trip, age=30)
Student(id=384, name=Loren, age=50)
Student(id=385, name=Tadd, age=39)
Student(id=386, name=Aigneis, age=2)
Student(id=387, name=Walden, age=7)
Student(id=388, name=Salvador, age=56)
Student(id=389, name=Di, age=9)
Student(id=390, name=Emilee, age=31)
Student(id=391, name=Murray, age=58)
Student(id=392, name=Harrison, age=62)
Student(id=393, name=Gwenni, age=93)
Student(id=394, name=Allys, age=9)
Student(id=395, name=Bogey, age=4)
Student(id=396, name=Merrile, age=88)
Student(id=397, name=Ive, age=42)
Student(id=398, name=Paule, age=5)
Student(id=399, name=Hollis, age=79)
Student(id=400, name=Allyce, age=66)
Student(id=401, name=Ingaberg, age=77)
Student(id=402, name=Chelsey, age=79)
Student(id=403, name=Layton, age=88)
Student(id=404, name=Portia, age=95)
Student(id=405, name=Dane, age=83)
Student(id=406, name=Ezechiel, age=23)
Student(id=407, name=Chantal, age=39)
Student(id=408, name=Dev, age=53)
Student(id=409, name=Kenon, age=22)
Student(id=410, name=Beverlee, age=13)
Student(id=411, name=Allyson, age=16)
Student(id=412, name=Ashely, age=53)
Student(id=413, name=Hilde, age=89)
Student(id=414, name=Betti, age=13)
Student(id=415, name=Wiley, age=65)
Student(id=416, name=Mavra, age=79)
Student(id=417, name=Sydney, age=11)
Student(id=418, name=Bonita, age=31)
Student(id=419, name=Decca, age=46)
Student(id=420, name=Fionna, age=51)
Student(id=421, name=Nadean, age=58)
Student(id=422, name=Rosetta, age=51)
Student(id=423, name=Micheil, age=70)
Student(id=424, name=Gussie, age=94)
Student(id=425, name=Bartram, age=18)
Student(id=426, name=Estell, age=97)
Student(id=427, name=Bridie, age=86)
Student(id=428, name=Vidovic, age=50)
Student(id=429, name=Wallas, age=43)
Student(id=430, name=Elton, age=57)
Student(id=431, name=Guinevere, age=53)
Student(id=432, name=Marilyn, age=79)
Student(id=433, name=Marget, age=52)
Student(id=434, name=Cele, age=44)
Student(id=435, name=Daphene, age=61)
Student(id=436, name=Gus, age=22)
Student(id=437, name=Maurise, age=41)
Student(id=438, name=Gregg, age=51)
Student(id=439, name=Arv, age=3)
Student(id=440, name=Amabelle, age=57)
Student(id=441, name=Rodolfo, age=61)
Student(id=442, name=Korry, age=87)
Student(id=443, name=Cherlyn, age=15)
Student(id=444, name=Nannette, age=42)
Student(id=445, name=Nancie, age=75)
Student(id=446, name=Sydelle, age=2)
Student(id=447, name=Dre, age=39)
Student(id=448, name=Nicolas, age=91)
Student(id=449, name=Ailene, age=93)
Student(id=450, name=Sargent, age=61)
Student(id=451, name=Rafaela, age=15)
Student(id=452, name=Benedicta, age=32)
Student(id=453, name=Brittaney, age=1)
Student(id=454, name=Darin, age=43)
Student(id=455, name=Cedric, age=71)
Student(id=456, name=Les, age=59)
Student(id=457, name=Madelaine, age=30)
Student(id=458, name=Mair, age=30)
Student(id=459, name=Ainslie, age=23)
Student(id=460, name=Devland, age=73)
Student(id=461, name=Fae, age=87)
Student(id=462, name=Ruby, age=4)
Student(id=463, name=Charlotta, age=3)
Student(id=464, name=Kinsley, age=5)
Student(id=465, name=Broderic, age=86)
Student(id=466, name=Raff, age=82)
Student(id=467, name=Norton, age=82)
Student(id=468, name=Donni, age=46)
Student(id=469, name=Manon, age=52)
Student(id=470, name=Laverna, age=2)
Student(id=471, name=Koenraad, age=69)
Student(id=472, name=Gabriella, age=49)
Student(id=473, name=Alfie, age=49)
Student(id=474, name=Laird, age=89)
Student(id=475, name=Levey, age=74)
Student(id=476, name=Evvy, age=48)
Student(id=477, name=Felicle, age=38)
Student(id=478, name=Fiorenze, age=41)
Student(id=479, name=Marsiella, age=27)
Student(id=480, name=Grantley, age=8)
Student(id=481, name=Ciro, age=59)
Student(id=482, name=Priscilla, age=20)
Student(id=483, name=Timothy, age=24)
Student(id=484, name=Zechariah, age=49)
Student(id=485, name=Kane, age=36)
Student(id=486, name=Cos, age=91)
Student(id=487, name=Nettle, age=39)
Student(id=488, name=Yorker, age=25)
Student(id=489, name=Nolana, age=84)
Student(id=490, name=Tamara, age=17)
Student(id=491, name=Wanda, age=3)
Student(id=492, name=Randolph, age=63)
Student(id=493, name=Urbain, age=85)
Student(id=494, name=Owen, age=30)
Student(id=495, name=Elden, age=19)
Student(id=496, name=Mario, age=32)
Student(id=497, name=Julius, age=83)
Student(id=498, name=Gav, age=78)
Student(id=499, name=Ginelle, age=57)
Student(id=500, name=Desirae, age=54)
Student(id=501, name=Clarissa, age=9)
Student(id=502, name=Veronica, age=30)
Student(id=503, name=Woody, age=2)
Student(id=504, name=Kristel, age=31)
Student(id=505, name=Minnie, age=78)
Student(id=506, name=Erv, age=39)
Student(id=507, name=Sloan, age=54)
Student(id=508, name=Beilul, age=36)
Student(id=509, name=Norbert, age=11)
Student(id=510, name=Beverley, age=2)
Student(id=511, name=Gale, age=73)
Student(id=512, name=Dewey, age=95)
Student(id=513, name=Davy, age=7)
Student(id=514, name=Leila, age=83)
Student(id=515, name=Zondra, age=59)
Student(id=516, name=Mireielle, age=30)
Student(id=517, name=Dannie, age=2)
Student(id=518, name=Xenia, age=47)
Student(id=519, name=Hymie, age=37)
Student(id=520, name=Sherwynd, age=37)
Student(id=521, name=Brockie, age=76)
Student(id=522, name=Abbey, age=34)
Student(id=523, name=Carline, age=62)
Student(id=524, name=Corrie, age=91)
Student(id=525, name=Del, age=82)
Student(id=526, name=Arel, age=23)
Student(id=527, name=Tobe, age=57)
Student(id=528, name=Carol, age=26)
Student(id=529, name=Remus, age=2)
Student(id=530, name=Moselle, age=89)
Student(id=531, name=Sianna, age=69)
Student(id=532, name=George, age=58)
Student(id=533, name=Onfroi, age=69)
Student(id=534, name=Celie, age=11)
Student(id=535, name=Archibald, age=15)
Student(id=536, name=Didi, age=60)
Student(id=537, name=Lory, age=10)
Student(id=538, name=Penn, age=71)
Student(id=539, name=Ozzy, age=77)
Student(id=540, name=Perri, age=32)
Student(id=541, name=Hamid, age=51)
Student(id=542, name=Lizzie, age=73)
Student(id=543, name=Jaine, age=39)
Student(id=544, name=Rory, age=4)
Student(id=545, name=Van, age=22)
Student(id=546, name=Cassandra, age=45)
Student(id=547, name=Melvin, age=36)
Student(id=548, name=Norean, age=87)
Student(id=549, name=Chandra, age=95)
Student(id=550, name=Harley, age=45)
Student(id=551, name=Moishe, age=20)
Student(id=552, name=Perle, age=91)
Student(id=553, name=Shelia, age=82)
Student(id=554, name=Bethany, age=45)
Student(id=555, name=Bond, age=92)
Student(id=556, name=Glen, age=32)
Student(id=557, name=Tilly, age=60)
Student(id=558, name=Neysa, age=97)
Student(id=559, name=Devan, age=33)
Student(id=560, name=Laina, age=39)
Student(id=561, name=Aldo, age=88)
Student(id=562, name=Sol, age=85)
Student(id=563, name=Melesa, age=81)
Student(id=564, name=Judye, age=59)
Student(id=565, name=Noni, age=50)
Student(id=566, name=Phylis, age=38)
Student(id=567, name=Geoffry, age=16)
Student(id=568, name=Lisetta, age=75)
Student(id=569, name=Lurline, age=13)
Student(id=570, name=Laurette, age=31)
Student(id=571, name=Phyllis, age=87)
Student(id=572, name=Axe, age=8)
Student(id=573, name=Peg, age=94)
Student(id=574, name=Victor, age=2)
Student(id=575, name=Vick, age=11)
Student(id=576, name=Cass, age=38)
Student(id=577, name=Abrahan, age=18)
Student(id=578, name=Wendy, age=19)
Student(id=579, name=Cullie, age=61)
Student(id=580, name=Axel, age=51)
Student(id=581, name=Tobe, age=91)
Student(id=582, name=Adolf, age=70)
Student(id=583, name=Klemens, age=86)
Student(id=584, name=Issie, age=30)
Student(id=585, name=Kaycee, age=9)
Student(id=586, name=Gigi, age=28)
Student(id=587, name=Cindra, age=31)
Student(id=588, name=Nata, age=56)
Student(id=589, name=Barbara, age=11)
Student(id=590, name=Reid, age=26)
Student(id=591, name=Gavan, age=56)
Student(id=592, name=Gilles, age=77)
Student(id=593, name=Clari, age=26)
Student(id=594, name=Teriann, age=14)
Student(id=595, name=Heinrik, age=10)
Student(id=596, name=Prue, age=12)
Student(id=597, name=Reginauld, age=10)
Student(id=598, name=Tana, age=8)
Student(id=599, name=Merrile, age=76)
Student(id=600, name=Ervin, age=61)
Student(id=601, name=Trudie, age=25)
Student(id=602, name=Elset, age=87)
Student(id=603, name=Urbano, age=44)
Student(id=604, name=Abbie, age=54)
Student(id=605, name=Corrina, age=30)
Student(id=606, name=Brit, age=82)
Student(id=607, name=Quintilla, age=80)
Student(id=608, name=Olia, age=18)
Student(id=609, name=Rudolph, age=86)
Student(id=610, name=Monique, age=42)
Student(id=611, name=Mickie, age=59)
Student(id=612, name=Alvin, age=88)
Student(id=613, name=Reagen, age=47)
Student(id=614, name=Brucie, age=1)
Student(id=615, name=Johannah, age=82)
Student(id=616, name=Roley, age=78)
Student(id=617, name=Hazel, age=65)
Student(id=618, name=Gustavus, age=8)
Student(id=619, name=Lenore, age=62)
Student(id=620, name=Debee, age=74)
Student(id=621, name=Maryanne, age=16)
Student(id=622, name=Cyrille, age=80)
Student(id=623, name=Sigismond, age=70)
Student(id=624, name=Haven, age=74)
Student(id=625, name=Josefa, age=88)
Student(id=626, name=Dale, age=26)
Student(id=627, name=Perla, age=48)
Student(id=628, name=Randall, age=95)
Student(id=629, name=Biron, age=37)
Student(id=630, name=Dionne, age=46)
Student(id=631, name=Bartie, age=13)
Student(id=632, name=Kesley, age=40)
Student(id=633, name=Kassi, age=76)
Student(id=634, name=Ingunna, age=38)
Student(id=635, name=Daisie, age=1)
Student(id=636, name=Frannie, age=13)
Student(id=637, name=Gertrudis, age=32)
Student(id=638, name=Lancelot, age=24)
Student(id=639, name=Margette, age=16)
Student(id=640, name=Angy, age=58)
Student(id=641, name=Deidre, age=76)
Student(id=642, name=Ginnifer, age=98)
Student(id=643, name=Cyrillus, age=1)
Student(id=644, name=Theo, age=86)
Student(id=645, name=Ilse, age=29)
Student(id=646, name=Ebba, age=62)
Student(id=647, name=Mariel, age=70)
Student(id=648, name=Ignazio, age=82)
Student(id=649, name=Giacomo, age=81)
Student(id=650, name=Robbert, age=95)
Student(id=651, name=Cariotta, age=2)
Student(id=652, name=Neel, age=86)
Student(id=653, name=Aguie, age=7)
Student(id=654, name=Coreen, age=1)
Student(id=655, name=Dorena, age=40)
Student(id=656, name=Norbert, age=4)
Student(id=657, name=Jerrold, age=8)
Student(id=658, name=Andrus, age=9)
Student(id=659, name=Hilliard, age=70)
Student(id=660, name=Catrina, age=76)
Student(id=661, name=Joleen, age=80)
Student(id=662, name=Uriah, age=79)
Student(id=663, name=Gilemette, age=36)
Student(id=664, name=Tomaso, age=91)
Student(id=665, name=Heida, age=16)
Student(id=666, name=Jeane, age=48)
Student(id=667, name=Skye, age=93)
Student(id=668, name=Elvina, age=72)
Student(id=669, name=Normie, age=5)
Student(id=670, name=Kendrick, age=16)
Student(id=671, name=Bruno, age=94)
Student(id=672, name=Billye, age=89)
Student(id=673, name=Amalia, age=66)
Student(id=674, name=Madelena, age=40)
Student(id=675, name=Elwood, age=75)
Student(id=676, name=Oswald, age=28)
Student(id=677, name=Caye, age=73)
Student(id=678, name=Linet, age=5)
Student(id=679, name=Emanuel, age=17)
Student(id=680, name=Jeralee, age=75)
Student(id=681, name=Karen, age=94)
Student(id=682, name=Hubie, age=9)
Student(id=683, name=Kathleen, age=23)
Student(id=684, name=Walliw, age=85)
Student(id=685, name=Boonie, age=65)
Student(id=686, name=Ianthe, age=81)
Student(id=687, name=Carey, age=44)
Student(id=688, name=Duffy, age=26)
Student(id=689, name=Bear, age=6)
Student(id=690, name=Hermann, age=32)
Student(id=691, name=Karney, age=36)
Student(id=692, name=Charyl, age=5)
Student(id=693, name=Janaye, age=43)
Student(id=694, name=Augustin, age=3)
Student(id=695, name=Pepito, age=28)
Student(id=696, name=Geoffrey, age=29)
Student(id=697, name=Payton, age=35)
Student(id=698, name=Quintana, age=74)
Student(id=699, name=Loydie, age=11)
Student(id=700, name=Maia, age=62)
Student(id=701, name=Hugibert, age=62)
Student(id=702, name=Marne, age=75)
Student(id=703, name=Tudor, age=68)
Student(id=704, name=Amelia, age=94)
Student(id=705, name=Sibyl, age=12)
Student(id=706, name=Sheelagh, age=83)
Student(id=707, name=Guy, age=27)
Student(id=708, name=Olly, age=17)
Student(id=709, name=Cacilia, age=34)
Student(id=710, name=Calhoun, age=4)
Student(id=711, name=Sander, age=31)
Student(id=712, name=Garold, age=4)
Student(id=713, name=Hodge, age=51)
Student(id=714, name=Dannye, age=9)
Student(id=715, name=Tymothy, age=13)
Student(id=716, name=Stephenie, age=28)
Student(id=717, name=Isahella, age=76)
Student(id=718, name=Francis, age=1)
Student(id=719, name=Taddeo, age=96)
Student(id=720, name=Editha, age=66)
Student(id=721, name=Nelia, age=67)
Student(id=722, name=Barron, age=58)
Student(id=723, name=Melloney, age=2)
Student(id=724, name=Rene, age=10)
Student(id=725, name=Darrel, age=92)
Student(id=726, name=Teddy, age=55)
Student(id=727, name=Nissy, age=96)
Student(id=728, name=Elizabet, age=90)
Student(id=729, name=Matias, age=31)
Student(id=730, name=Dionysus, age=35)
Student(id=731, name=Karine, age=90)
Student(id=732, name=Giustino, age=69)
Student(id=733, name=Rana, age=25)
Student(id=734, name=Welch, age=22)
Student(id=735, name=Demeter, age=65)
Student(id=736, name=Markos, age=8)
Student(id=737, name=Milena, age=85)
Student(id=738, name=Randee, age=98)
Student(id=739, name=Lanny, age=54)
Student(id=740, name=Eadie, age=30)
Student(id=741, name=Hollyanne, age=41)
Student(id=742, name=Karna, age=5)
Student(id=743, name=Happy, age=68)
Student(id=744, name=Bancroft, age=75)
Student(id=745, name=Elia, age=30)
Student(id=746, name=Sal, age=56)
Student(id=747, name=Beryle, age=6)
Student(id=748, name=Carmelle, age=86)
Student(id=749, name=Felizio, age=15)
Student(id=750, name=Noland, age=65)
Student(id=751, name=Granny, age=26)
Student(id=752, name=Adolphe, age=78)
Student(id=753, name=Hannah, age=72)
Student(id=754, name=Cecily, age=26)
Student(id=755, name=Matty, age=1)
Student(id=756, name=Sabina, age=20)
Student(id=757, name=Seymour, age=13)
Student(id=758, name=Cleo, age=43)
Student(id=759, name=Gaynor, age=60)
Student(id=760, name=Bette, age=82)
Student(id=761, name=Wenonah, age=32)
Student(id=762, name=Poppy, age=5)
Student(id=763, name=Shawna, age=74)
Student(id=764, name=Tammara, age=78)
Student(id=765, name=Mattheus, age=79)
Student(id=766, name=Benny, age=71)
Student(id=767, name=Toby, age=85)
Student(id=768, name=Rana, age=62)
Student(id=769, name=Min, age=78)
Student(id=770, name=Golda, age=71)
Student(id=771, name=Earle, age=80)
Student(id=772, name=Rhea, age=83)
Student(id=773, name=Erastus, age=24)
Student(id=774, name=Randie, age=60)
Student(id=775, name=Adan, age=97)
Student(id=776, name=Sidonia, age=12)
Student(id=777, name=Hayes, age=58)
Student(id=778, name=Shae, age=84)
Student(id=779, name=Tades, age=31)
Student(id=780, name=Oralle, age=86)
Student(id=781, name=Irene, age=10)
Student(id=782, name=Luise, age=46)
Student(id=783, name=Margaretha, age=80)
Student(id=784, name=Harlene, age=15)
Student(id=785, name=Dianemarie, age=57)
Student(id=786, name=Marijo, age=26)
Student(id=787, name=Clarette, age=56)
Student(id=788, name=Gerianna, age=34)
Student(id=789, name=Rand, age=58)
Student(id=790, name=Genevieve, age=11)
Student(id=791, name=Carey, age=2)
Student(id=792, name=Mickie, age=93)
Student(id=793, name=Rhett, age=7)
Student(id=794, name=Lyn, age=2)
Student(id=795, name=Tresa, age=49)
Student(id=796, name=Buddy, age=22)
Student(id=797, name=Charmion, age=5)
Student(id=798, name=Lanette, age=43)
Student(id=799, name=Sheree, age=100)
Student(id=800, name=Dimitri, age=75)
Student(id=801, name=Paulita, age=70)
Student(id=802, name=Granger, age=40)
Student(id=803, name=Chickie, age=68)
Student(id=804, name=Robin, age=84)
Student(id=805, name=Alberik, age=47)
Student(id=806, name=Allys, age=85)
Student(id=807, name=Johnath, age=73)
Student(id=808, name=Uriel, age=34)
Student(id=809, name=Rosalia, age=31)
Student(id=810, name=Britt, age=82)
Student(id=811, name=Reg, age=56)
Student(id=812, name=Kalil, age=30)
Student(id=813, name=Oona, age=72)
Student(id=814, name=Giffy, age=81)
Student(id=815, name=Meriel, age=59)
Student(id=816, name=Bethanne, age=5)
Student(id=817, name=Ailbert, age=81)
Student(id=818, name=Phoebe, age=20)
Student(id=819, name=Karlie, age=17)
Student(id=820, name=Cathi, age=74)
Student(id=821, name=Cos, age=19)
Student(id=822, name=Pandora, age=53)
Student(id=823, name=Charleen, age=91)
Student(id=824, name=Kellia, age=25)
Student(id=825, name=Donal, age=45)
Student(id=826, name=Stanford, age=53)
Student(id=827, name=Karrie, age=53)
Student(id=828, name=Margarete, age=94)
Student(id=829, name=Kimble, age=10)
Student(id=830, name=Nerty, age=79)
Student(id=831, name=Fayre, age=10)
Student(id=832, name=Lemuel, age=23)
Student(id=833, name=Demeter, age=95)
Student(id=834, name=Dukey, age=58)
Student(id=835, name=Obadiah, age=13)
Student(id=836, name=Merna, age=58)
Student(id=837, name=Leicester, age=68)
Student(id=838, name=Leontyne, age=40)
Student(id=839, name=Linzy, age=44)
Student(id=840, name=Pammy, age=79)
Student(id=841, name=Norton, age=33)
Student(id=842, name=Lindi, age=93)
Student(id=843, name=Raynor, age=49)
Student(id=844, name=Stern, age=66)
Student(id=845, name=Katlin, age=90)
Student(id=846, name=Grayce, age=45)
Student(id=847, name=Guglielmo, age=34)
Student(id=848, name=Rosaline, age=2)
Student(id=849, name=Denise, age=27)
Student(id=850, name=Margi, age=59)
Student(id=851, name=Madlin, age=3)
Student(id=852, name=Nissy, age=54)
Student(id=853, name=Mathian, age=46)
Student(id=854, name=Matthew, age=97)
Student(id=855, name=Delia, age=59)
Student(id=856, name=Retha, age=97)
Student(id=857, name=Jarret, age=98)
Student(id=858, name=Pierette, age=55)
Student(id=859, name=Thomasin, age=43)
Student(id=860, name=Issiah, age=82)
Student(id=861, name=Kariotta, age=9)
Student(id=862, name=Eveline, age=9)
Student(id=863, name=Shaughn, age=70)
Student(id=864, name=Udall, age=17)
Student(id=865, name=Allx, age=64)
Student(id=866, name=Dacie, age=83)
Student(id=867, name=Hillel, age=80)
Student(id=868, name=Issy, age=25)
Student(id=869, name=Kayley, age=41)
Student(id=870, name=Fredek, age=39)
Student(id=871, name=Moyra, age=82)
Student(id=872, name=Chrissy, age=13)
Student(id=873, name=Cammy, age=11)
Student(id=874, name=Staffard, age=76)
Student(id=875, name=Linet, age=64)
Student(id=876, name=Mellie, age=62)
Student(id=877, name=Shadow, age=60)
Student(id=878, name=Mikel, age=76)
Student(id=879, name=Gerta, age=26)
Student(id=880, name=Ransell, age=32)
Student(id=881, name=Milissent, age=49)
Student(id=882, name=Clementine, age=30)
Student(id=883, name=Rachael, age=35)
Student(id=884, name=Saul, age=73)
Student(id=885, name=Jorge, age=83)
Student(id=886, name=Cazzie, age=55)
Student(id=887, name=Prince, age=61)
Student(id=888, name=Catherin, age=23)
Student(id=889, name=Mac, age=9)
Student(id=890, name=Addia, age=31)
Student(id=891, name=Virgilio, age=4)
Student(id=892, name=Godfrey, age=26)
Student(id=893, name=Johnny, age=66)
Student(id=894, name=Allissa, age=93)
Student(id=895, name=Byrom, age=93)
Student(id=896, name=Gleda, age=87)
Student(id=897, name=Becka, age=33)
Student(id=898, name=Amery, age=45)
Student(id=899, name=Ninnetta, age=87)
Student(id=900, name=Kristian, age=92)
Student(id=901, name=Bianka, age=97)
Student(id=902, name=Charyl, age=23)
Student(id=903, name=Pansie, age=2)
Student(id=904, name=Clare, age=20)
Student(id=905, name=Garek, age=9)
Student(id=906, name=Annabelle, age=41)
Student(id=907, name=Reinhold, age=7)
Student(id=908, name=Ernestine, age=79)
Student(id=909, name=Vin, age=41)
Student(id=910, name=Elizabeth, age=63)
Student(id=911, name=Johanna, age=94)
Student(id=912, name=Jenda, age=59)
Student(id=913, name=Kit, age=75)
Student(id=914, name=Anna, age=94)
Student(id=915, name=Ludovico, age=75)
Student(id=916, name=Bibbie, age=87)
Student(id=917, name=Annecorinne, age=65)
Student(id=918, name=Eddy, age=93)
Student(id=919, name=Olenka, age=33)
Student(id=920, name=Jeannette, age=60)
Student(id=921, name=Lorrayne, age=89)
Student(id=922, name=Fidelia, age=9)
Student(id=923, name=Rena, age=75)
Student(id=924, name=Adiana, age=3)
Student(id=925, name=Heywood, age=93)
Student(id=926, name=Rahal, age=12)
Student(id=927, name=Ogdon, age=51)
Student(id=928, name=Joachim, age=68)
Student(id=929, name=Mariellen, age=30)
Student(id=930, name=Gertie, age=38)
Student(id=931, name=Clo, age=41)
Student(id=932, name=Immanuel, age=85)
Student(id=933, name=Imogen, age=66)
Student(id=934, name=Lenci, age=22)
Student(id=935, name=Dav, age=87)
Student(id=936, name=Prisca, age=24)
Student(id=937, name=Keelby, age=100)
Student(id=938, name=Sheila-kathryn, age=46)
Student(id=939, name=Katharyn, age=81)
Student(id=940, name=Kynthia, age=5)
Student(id=941, name=Almeria, age=45)
Student(id=942, name=Francesca, age=12)
Student(id=943, name=Isidor, age=53)
Student(id=944, name=Ardisj, age=62)
Student(id=945, name=Phaidra, age=26)
Student(id=946, name=Jarid, age=50)
Student(id=947, name=Ryon, age=4)
Student(id=948, name=Noach, age=11)
Student(id=949, name=Chico, age=8)
Student(id=950, name=Jeddy, age=24)
Student(id=951, name=Averell, age=92)
Student(id=952, name=Link, age=90)
Student(id=953, name=Travus, age=65)
Student(id=954, name=Zechariah, age=80)
Student(id=955, name=Amaleta, age=66)
Student(id=956, name=Tonie, age=18)
Student(id=957, name=Latrina, age=11)
Student(id=958, name=Tye, age=25)
Student(id=959, name=Tillie, age=10)
Student(id=960, name=Dewain, age=31)
Student(id=961, name=Jo, age=58)
Student(id=962, name=Markus, age=90)
Student(id=963, name=Catlee, age=47)
Student(id=964, name=Kylila, age=55)
Student(id=965, name=Lotta, age=52)
Student(id=966, name=Kyla, age=35)
Student(id=967, name=Wyn, age=77)
Student(id=968, name=Brit, age=78)
Student(id=969, name=Kermit, age=83)
Student(id=970, name=Shawna, age=51)
Student(id=971, name=Emelen, age=87)
Student(id=972, name=Karlotte, age=35)
Student(id=973, name=Camel, age=92)
Student(id=974, name=Merridie, age=97)
Student(id=975, name=Ray, age=46)
Student(id=976, name=Grazia, age=50)
Student(id=977, name=Bettina, age=86)
Student(id=978, name=Billie, age=15)
Student(id=979, name=Johannah, age=12)
Student(id=980, name=Hildegarde, age=33)
Student(id=981, name=Camellia, age=79)
Student(id=982, name=Kaylyn, age=39)
Student(id=983, name=Jordain, age=43)
Student(id=984, name=Jamey, age=13)
Student(id=985, name=Sanford, age=93)
Student(id=986, name=Erskine, age=11)
Student(id=987, name=Ruby, age=14)
Student(id=988, name=Meridel, age=35)
Student(id=989, name=Nefen, age=47)
Student(id=990, name=Cari, age=77)
Student(id=991, name=Melania, age=78)
Student(id=992, name=Jethro, age=69)
Student(id=993, name=Faun, age=94)
Student(id=994, name=Hayden, age=17)
Student(id=995, name=Kiley, age=94)
Student(id=996, name=Addy, age=30)
Student(id=997, name=Grata, age=60)
Student(id=998, name=Granger, age=99)
Student(id=999, name=Ivor, age=83)
Student(id=1000, name=Madelina, age=80)
