id,name,age
1,Conrado,94
2,Gray,49
3,Lorene,64
4,Tiphani,58
5,Noel,24
6,Lutero,62
7,Elianore,86
8,Livy,56
9,Annabella,44
10,Leigha,32
11,Glenn,48
12,Robbie,69
13,Matteo,36
14,Grethel,43
15,Adrien,43
16,Chalmers,30
17,Genia,45
18,Crista,54
19,Lari,43
20,Yale,4
21,Berenice,41
22,Biron,19
23,Fayth,64
24,Kristyn,6
25,Olenolin,67
26,Bryanty,21
27,Philippe,75
28,Obie,92
29,Wald,70
30,Dyna,62
31,Marrilee,75
32,Hester,83
33,Pincus,4
34,Nikaniki,69
35,Sloan,15
36,Barty,78
37,Melita,96
38,Robbie,67
39,Spense,65
40,Jermayne,89
41,Lanette,19
42,Ajay,9
43,Alfreda,55
44,Hadlee,48
45,Terencio,97
46,Guthrie,89
47,Arden,99
48,Bunnie,98
49,Thaddeus,75
50,Mace,54
51,Tally,8
52,Norbert,36
53,Karin,62
54,Dew,98
55,Tobias,100
56,Catrina,98
57,Glen,4
58,Midge,65
59,Twila,56
60,Candie,38
61,Neda,8
62,Henrie,9
63,Gibby,14
64,Mitchel,30
65,Arlena,65
66,Zacharie,69
67,Orton,2
68,Norry,7
69,Baird,25
70,Julianne,30
71,Oswald,15
72,Wiatt,34
73,Antonio,76
74,Isaac,80
75,Titus,100
76,Gianina,66
77,Nissy,76
78,Mozes,7
79,Donnamarie,89
80,Alayne,82
81,Ninnette,15
82,Roseann,25
83,Helene,18
84,Delmar,68
85,Wilma,27
86,Heidie,76
87,Robbie,76
88,Maurene,11
89,Sacha,20
90,Delinda,19
91,Ransell,29
92,Kain,72
93,Muffin,61
94,Jena,22
95,Beckie,8
96,Astrix,77
97,Margareta,18
98,Dore,85
99,Bambi,45
100,Gabbie,34
101,Rayshell,35
102,Golda,65
103,Vaclav,17
104,Lev,27
105,Ives,70
106,Chandler,52
107,Almire,30
108,Keene,74
109,Roby,31
110,Clyve,68
111,Donny,11
112,Roselle,49
113,Lissa,68
114,Mikaela,22
115,Wilona,74
116,Lizabeth,91
117,Jocko,3
118,Roxine,56
119,Mady,25
120,Haley,23
121,Bartholomeo,82
122,Fons,24
123,Bev,23
124,Jillian,92
125,Arlette,70
126,Staford,94
127,Aharon,11
128,Leone,36
129,Seth,70
130,Gram,78
131,Lonnard,58
132,Babbette,57
133,Gradeigh,56
134,Dorita,23
135,Jeno,74
136,Fancie,72
137,Kingston,27
138,Louise,44
139,Gerri,25
140,Gaven,29
141,Rica,35
142,Tiffany,41
143,Lurlene,25
144,Demetrius,9
145,Novelia,29
146,Cameron,45
147,Maud,44
148,Ardra,47
149,Xavier,90
150,Tiphani,82
151,Gannon,35
152,Leah,13
153,Milena,99
154,Melessa,26
155,Omero,46
156,Vanda,8
157,Germain,5
158,Pearce,8
159,Beauregard,73
160,Inga,98
161,Jolyn,75
162,Darrelle,1
163,Raine,74
164,Jaquenette,49
165,Rosanne,87
166,Shawnee,82
167,Codie,98
168,Ivonne,31
169,Pasquale,28
170,Trever,90
171,Ollie,78
172,Angeli,4
173,Estel,76
174,Marcelia,95
175,Anette,12
176,Issy,52
177,Dieter,77
178,Augustine,38
179,Sandi,84
180,Charlie,72
181,Crista,67
182,Launce,95
183,Gaye,2
184,Shepard,81
185,Cal,19
186,Christi,19
187,Benedikta,73
188,Ramona,62
189,Wilona,53
190,Duffie,41
191,Marlowe,44
192,Binni,73
193,Dorolisa,9
194,Hillyer,79
195,Fritz,8
196,Tessa,47
197,Agnola,85
198,Emelita,3
199,Jaymee,5
200,Powell,79
201,Zsa zsa,37
202,Helen,69
203,Robb,23
204,Ly,79
205,Jameson,73
206,Pru,8
207,Lefty,2
208,Broddie,17
209,Skippie,90
210,Antonetta,36
211,Kelcie,48
212,Adriaens,38
213,Ora,89
214,Margarethe,13
215,Brock,9
216,Westley,98
217,Sandor,33
218,Frederica,50
219,Alla,35
220,Vick,34
221,Sigismondo,81
222,Ceciley,7
223,Kristien,58
224,Demetria,21
225,Aggi,66
226,Bucky,39
227,Olav,77
228,Leesa,54
229,Caspar,71
230,Lorrin,61
231,Berthe,73
232,Allyson,98
233,Salli,41
234,Oralia,32
235,Sacha,82
236,Gussie,96
237,Isadore,49
238,Kip,58
239,Chlo,31
240,Carmina,83
241,Dinnie,12
242,Elmira,21
243,Kassie,5
244,Alick,74
245,Fabe,68
246,Helenka,10
247,Oriana,31
248,Ogdon,1
249,Juan,70
250,Charin,48
251,Bev,45
252,Sarina,73
253,Ketti,55
254,Irwinn,85
255,Ingelbert,78
256,Evelin,53
257,Lorelei,83
258,Diandra,1
259,Peg,29
260,Irv,68
261,Tiphanie,57
262,Dalton,82
263,Tomasine,66
264,Garald,57
265,Johnath,92
266,Dill,27
267,Chic,59
268,Dalli,96
269,Noach,12
270,Timi,42
271,Lorne,19
272,Ruby,46
273,Mariejeanne,75
274,Flossi,96
275,Robinetta,96
276,Sharon,85
277,Cherlyn,54
278,Meredith,10
279,Gibbie,27
280,Bernete,84
281,Tynan,72
282,Arlyn,73
283,Forest,94
284,Valentino,33
285,Wanda,53
286,Marijo,50
287,Harmonia,63
288,Malissia,54
289,Andrej,30
290,Noemi,1
291,Frank,69
292,Thor,60
293,Worden,68
294,Fionnula,19
295,Mechelle,47
296,Randi,18
297,Ronny,39
298,Dasie,61
299,Consuelo,88
300,Worthy,40
301,Allx,11
302,Ricky,84
303,Louisette,18
304,Fernanda,36
305,Carita,17
306,Benedicto,100
307,Lenard,47
308,Ernie,54
309,Grover,48
310,Bernette,5
311,Kacy,64
312,Cordell,83
313,Mark,94
314,Niki,80
315,Lynnell,77
316,Sharleen,2
317,Sherill,15
318,Livvy,94
319,Ronalda,44
320,Jeana,61
321,Luther,35
322,Dom,44
323,Lucho,35
324,Levey,95
325,Chloe,64
326,Gerrie,71
327,Tersina,3
328,Kathlin,91
329,Merrile,18
330,Royce,97
331,Valentine,93
332,Selma,82
333,Norah,34
334,Deena,2
335,Orlando,90
336,Donnell,52
337,Louie,24
338,Henry,88
339,Salvidor,5
340,Latashia,1
341,Candra,8
342,Albrecht,12
343,Abner,40
344,Corinne,45
345,Carol,80
346,Zea,87
347,My,92
348,Kikelia,77
349,Erik,65
350,Westley,33
351,Denis,69
352,Charline,62
353,Jeffie,58
354,Morlee,70
355,Bella,98
356,Letti,10
357,Jeramie,56
358,Crystal,29
359,Avrom,65
360,Gipsy,83
361,Nerita,43
362,Edouard,25
363,Leicester,54
364,Octavia,87
365,Johna,69
366,Teodor,57
367,Verene,73
368,Nahum,16
369,Shalna,88
370,Bianka,87
371,Darby,90
372,Vera,36
373,Carmita,68
374,Flori,68
375,Glenden,60
376,Dolley,57
377,Derward,4
378,Cosimo,26
379,Xerxes,80
380,Denver,1
381,Ellynn,33
382,Windham,53
383,Trip,30
384,Loren,50
385,Tadd,39
386,Aigneis,2
387,Walden,7
388,Salvador,56
389,Di,9
390,Emilee,31
391,Murray,58
392,Harrison,62
393,Gwenni,93
394,Allys,9
395,Bogey,4
396,Merrile,88
397,Ive,42
398,Paule,5
399,Hollis,79
400,Allyce,66
401,Ingaberg,77
402,Chelsey,79
403,Layton,88
404,Portia,95
405,Dane,83
406,Ezechiel,23
407,Chantal,39
408,Dev,53
409,Kenon,22
410,Beverlee,13
411,Allyson,16
412,Ashely,53
413,Hilde,89
414,Betti,13
415,Wiley,65
416,Mavra,79
417,Sydney,11
418,Bonita,31
419,Decca,46
420,Fionna,51
421,Nadean,58
422,Rosetta,51
423,Micheil,70
424,Gussie,94
425,Bartram,18
426,Estell,97
427,Bridie,86
428,Vidovic,50
429,Wallas,43
430,Elton,57
431,Guinevere,53
432,Marilyn,79
433,Marget,52
434,Cele,44
435,Daphene,61
436,Gus,22
437,Maurise,41
438,Gregg,51
439,Arv,3
440,Amabelle,57
441,Rodolfo,61
442,Korry,87
443,Cherlyn,15
444,Nannette,42
445,Nancie,75
446,Sydelle,2
447,Dre,39
448,Nicolas,91
449,Ailene,93
450,Sargent,61
451,Rafaela,15
452,Benedicta,32
453,Brittaney,1
454,Darin,43
455,Cedric,71
456,Les,59
457,Madelaine,30
458,Mair,30
459,Ainslie,23
460,Devland,73
461,Fae,87
462,Ruby,4
463,Charlotta,3
464,Kinsley,5
465,Broderic,86
466,Raff,82
467,Norton,82
468,Donni,46
469,Manon,52
470,Laverna,2
471,Koenraad,69
472,Gabriella,49
473,Alfie,49
474,Laird,89
475,Levey,74
476,Evvy,48
477,Felicle,38
478,Fiorenze,41
479,Marsiella,27
480,Grantley,8
481,Ciro,59
482,Priscilla,20
483,Timothy,24
484,Zechariah,49
485,Kane,36
486,Cos,91
487,Nettle,39
488,Yorker,25
489,Nolana,84
490,Tamara,17
491,Wanda,3
492,Randolph,63
493,Urbain,85
494,Owen,30
495,Elden,19
496,Mario,32
497,Julius,83
498,Gav,78
499,Ginelle,57
500,Desirae,54
501,Clarissa,9
502,Veronica,30
503,Woody,2
504,Kristel,31
505,Minnie,78
506,Erv,39
507,Sloan,54
508,Beilul,36
509,Norbert,11
510,Beverley,2
511,Gale,73
512,Dewey,95
513,Davy,7
514,Leila,83
515,Zondra,59
516,Mireielle,30
517,Dannie,2
518,Xenia,47
519,Hymie,37
520,Sherwynd,37
521,Brockie,76
522,Abbey,34
523,Carline,62
524,Corrie,91
525,Del,82
526,Arel,23
527,Tobe,57
528,Carol,26
529,Remus,2
530,Moselle,89
531,Sianna,69
532,George,58
533,Onfroi,69
534,Celie,11
535,Archibald,15
536,Didi,60
537,Lory,10
538,Penn,71
539,Ozzy,77
540,Perri,32
541,Hamid,51
542,Lizzie,73
543,Jaine,39
544,Rory,4
545,Van,22
546,Cassandra,45
547,Melvin,36
548,Norean,87
549,Chandra,95
550,Harley,45
551,Moishe,20
552,Perle,91
553,Shelia,82
554,Bethany,45
555,Bond,92
556,Glen,32
557,Tilly,60
558,Neysa,97
559,Devan,33
560,Laina,39
561,Aldo,88
562,Sol,85
563,Melesa,81
564,Judye,59
565,Noni,50
566,Phylis,38
567,Geoffry,16
568,Lisetta,75
569,Lurline,13
570,Laurette,31
571,Phyllis,87
572,Axe,8
573,Peg,94
574,Victor,2
575,Vick,11
576,Cass,38
577,Abrahan,18
578,Wendy,19
579,Cullie,61
580,Axel,51
581,Tobe,91
582,Adolf,70
583,Klemens,86
584,Issie,30
585,Kaycee,9
586,Gigi,28
587,Cindra,31
588,Nata,56
589,Barbara,11
590,Reid,26
591,Gavan,56
592,Gilles,77
593,Clari,26
594,Teriann,14
595,Heinrik,10
596,Prue,12
597,Reginauld,10
598,Tana,8
599,Merrile,76
600,Ervin,61
601,Trudie,25
602,Elset,87
603,Urbano,44
604,Abbie,54
605,Corrina,30
606,Brit,82
607,Quintilla,80
608,Olia,18
609,Rudolph,86
610,Monique,42
611,Mickie,59
612,Alvin,88
613,Reagen,47
614,Brucie,1
615,Johannah,82
616,Roley,78
617,Hazel,65
618,Gustavus,8
619,Lenore,62
620,Debee,74
621,Maryanne,16
622,Cyrille,80
623,Sigismond,70
624,Haven,74
625,Josefa,88
626,Dale,26
627,Perla,48
628,Randall,95
629,Biron,37
630,Dionne,46
631,Bartie,13
632,Kesley,40
633,Kassi,76
634,Ingunna,38
635,Daisie,1
636,Frannie,13
637,Gertrudis,32
638,Lancelot,24
639,Margette,16
640,Angy,58
641,Deidre,76
642,Ginnifer,98
643,Cyrillus,1
644,Theo,86
645,Ilse,29
646,Ebba,62
647,Mariel,70
648,Ignazio,82
649,Giacomo,81
650,Robbert,95
651,Cariotta,2
652,Neel,86
653,Aguie,7
654,Coreen,1
655,Dorena,40
656,Norbert,4
657,Jerrold,8
658,Andrus,9
659,Hilliard,70
660,Catrina,76
661,Joleen,80
662,Uriah,79
663,Gilemette,36
664,Tomaso,91
665,Heida,16
666,Jeane,48
667,Skye,93
668,Elvina,72
669,Normie,5
670,Kendrick,16
671,Bruno,94
672,Billye,89
673,Amalia,66
674,Madelena,40
675,Elwood,75
676,Oswald,28
677,Caye,73
678,Linet,5
679,Emanuel,17
680,Jeralee,75
681,Karen,94
682,Hubie,9
683,Kathleen,23
684,Walliw,85
685,Boonie,65
686,Ianthe,81
687,Carey,44
688,Duffy,26
689,Bear,6
690,Hermann,32
691,Karney,36
692,Charyl,5
693,Janaye,43
694,Augustin,3
695,Pepito,28
696,Geoffrey,29
697,Payton,35
698,Quintana,74
699,Loydie,11
700,Maia,62
701,Hugibert,62
702,Marne,75
703,Tudor,68
704,Amelia,94
705,Sibyl,12
706,Sheelagh,83
707,Guy,27
708,Olly,17
709,Cacilia,34
710,Calhoun,4
711,Sander,31
712,Garold,4
713,Hodge,51
714,Dannye,9
715,Tymothy,13
716,Stephenie,28
717,Isahella,76
718,Francis,1
719,Taddeo,96
720,Editha,66
721,Nelia,67
722,Barron,58
723,Melloney,2
724,Rene,10
725,Darrel,92
726,Teddy,55
727,Nissy,96
728,Elizabet,90
729,Matias,31
730,Dionysus,35
731,Karine,90
732,Giustino,69
733,Rana,25
734,Welch,22
735,Demeter,65
736,Markos,8
737,Milena,85
738,Randee,98
739,Lanny,54
740,Eadie,30
741,Hollyanne,41
742,Karna,5
743,Happy,68
744,Bancroft,75
745,Elia,30
746,Sal,56
747,Beryle,6
748,Carmelle,86
749,Felizio,15
750,Noland,65
751,Granny,26
752,Adolphe,78
753,Hannah,72
754,Cecily,26
755,Matty,1
756,Sabina,20
757,Seymour,13
758,Cleo,43
759,Gaynor,60
760,Bette,82
761,Wenonah,32
762,Poppy,5
763,Shawna,74
764,Tammara,78
765,Mattheus,79
766,Benny,71
767,Toby,85
768,Rana,62
769,Min,78
770,Golda,71
771,Earle,80
772,Rhea,83
773,Erastus,24
774,Randie,60
775,Adan,97
776,Sidonia,12
777,Hayes,58
778,Shae,84
779,Tades,31
780,Oralle,86
781,Irene,10
782,Luise,46
783,Margaretha,80
784,Harlene,15
785,Dianemarie,57
786,Marijo,26
787,Clarette,56
788,Gerianna,34
789,Rand,58
790,Genevieve,11
791,Carey,2
792,Mickie,93
793,Rhett,7
794,Lyn,2
795,Tresa,49
796,Buddy,22
797,Charmion,5
798,Lanette,43
799,Sheree,100
800,Dimitri,75
801,Paulita,70
802,Granger,40
803,Chickie,68
804,Robin,84
805,Alberik,47
806,Allys,85
807,Johnath,73
808,Uriel,34
809,Rosalia,31
810,Britt,82
811,Reg,56
812,Kalil,30
813,Oona,72
814,Giffy,81
815,Meriel,59
816,Bethanne,5
817,Ailbert,81
818,Phoebe,20
819,Karlie,17
820,Cathi,74
821,Cos,19
822,Pandora,53
823,Charleen,91
824,Kellia,25
825,Donal,45
826,Stanford,53
827,Karrie,53
828,Margarete,94
829,Kimble,10
830,Nerty,79
831,Fayre,10
832,Lemuel,23
833,Demeter,95
834,Dukey,58
835,Obadiah,13
836,Merna,58
837,Leicester,68
838,Leontyne,40
839,Linzy,44
840,Pammy,79
841,Norton,33
842,Lindi,93
843,Raynor,49
844,Stern,66
845,Katlin,90
846,Grayce,45
847,Guglielmo,34
848,Rosaline,2
849,Denise,27
850,Margi,59
851,Madlin,3
852,Nissy,54
853,Mathian,46
854,Matthew,97
855,Delia,59
856,Retha,97
857,Jarret,98
858,Pierette,55
859,Thomasin,43
860,Issiah,82
861,Kariotta,9
862,Eveline,9
863,Shaughn,70
864,Udall,17
865,Allx,64
866,Dacie,83
867,Hillel,80
868,Issy,25
869,Kayley,41
870,Fredek,39
871,Moyra,82
872,Chrissy,13
873,Cammy,11
874,Staffard,76
875,Linet,64
876,Mellie,62
877,Shadow,60
878,Mikel,76
879,Gerta,26
880,Ransell,32
881,Milissent,49
882,Clementine,30
883,Rachael,35
884,Saul,73
885,Jorge,83
886,Cazzie,55
887,Prince,61
888,Catherin,23
889,Mac,9
890,Addia,31
891,Virgilio,4
892,Godfrey,26
893,Johnny,66
894,Allissa,93
895,Byrom,93
896,Gleda,87
897,Becka,33
898,Amery,45
899,Ninnetta,87
900,Kristian,92
901,Bianka,97
902,Charyl,23
903,Pansie,2
904,Clare,20
905,Garek,9
906,Annabelle,41
907,Reinhold,7
908,Ernestine,79
909,Vin,41
910,Elizabeth,63
911,Johanna,94
912,Jenda,59
913,Kit,75
914,Anna,94
915,Ludovico,75
916,Bibbie,87
917,Annecorinne,65
918,Eddy,93
919,Olenka,33
920,Jeannette,60
921,Lorrayne,89
922,Fidelia,9
923,Rena,75
924,Adiana,3
925,Heywood,93
926,Rahal,12
927,Ogdon,51
928,Joachim,68
929,Mariellen,30
930,Gertie,38
931,Clo,41
932,Immanuel,85
933,Imogen,66
934,Lenci,22
935,Dav,87
936,Prisca,24
937,Keelby,100
938,Sheila-kathryn,46
939,Katharyn,81
940,Kynthia,5
941,Almeria,45
942,Francesca,12
943,Isidor,53
944,Ardisj,62
945,Phaidra,26
946,Jarid,50
947,Ryon,4
948,Noach,11
949,Chico,8
950,Jeddy,24
951,Averell,92
952,Link,90
953,Travus,65
954,Zechariah,80
955,Amaleta,66
956,Tonie,18
957,Latrina,11
958,Tye,25
959,Tillie,10
960,Dewain,31
961,Jo,58
962,Markus,90
963,Catlee,47
964,Kylila,55
965,Lotta,52
966,Kyla,35
967,Wyn,77
968,Brit,78
969,Kermit,83
970,Shawna,51
971,Emelen,87
972,Karlotte,35
973,Camel,92
974,Merridie,97
975,Ray,46
976,Grazia,50
977,Bettina,86
978,Billie,15
979,Johannah,12
980,Hildegarde,33
981,Camellia,79
982,Kaylyn,39
983,Jordain,43
984,Jamey,13
985,Sanford,93
986,Erskine,11
987,Ruby,14
988,Meridel,35
989,Nefen,47
990,Cari,77
991,Melania,78
992,Jethro,69
993,Faun,94
994,Hayden,17
995,Kiley,94
996,Addy,30
997,Grata,60
998,Granger,99
999,Ivor,83
1000,Madelina,80
